{
  "meta-virtualization": 2.202357053756714, 
  "openembedded-core": 127.42714881896973, 
  "meta-browser": 1.3173449039459229, 
  "bitbake": 14.907510042190552, 
  "openembedded/meta-linaro": 1.8612849712371826, 
  "meta-openembedded": 38.02086400985718
}